 Acana Treat Yorkshire Pork 35 gr - 1 Unidad.,4.37 €/u,https://img1.petsonic.com/13840-large_default/treat-yorkshire-pork-35-gr.jpg
 Orijen Treat Free Run Duck 42.5 Gr - 1 Unidad.,6.13 €/u,https://img1.petsonic.com/19383-large_default/orijen-treat-free-run-duck-42-5-gr-para-perros.jpg
 Orijen Treat Free Run Duck 42.5 Gr - 6 Unidades.,34.99 €/u,https://img1.petsonic.com/19383-large_default/orijen-treat-free-run-duck-42-5-gr-para-perros.jpg
 Orijen Regional Treats 42.5 gr - 1 Unidad.,5.24 €/u,https://img1.petsonic.com/13414-large_default/regional-treats-42-5-gr.jpg
 Orijen Regional Treats 42.5 gr - 6 Unidades.,32.99 €/u,https://img1.petsonic.com/13414-large_default/regional-treats-42-5-gr.jpg
 Orijen Treats Ranch Romney Lamb 56gr. - 1 Unidad.,6.28 €/u,https://img3.petsonic.com/19382-large_default/orijen-treats-ranch-raised-lamb-56gr-para-perros.jpg
 Orijen Treats Ranch Romney Lamb 56gr. - 6 Unidades.,30.99 €/u,https://img3.petsonic.com/19382-large_default/orijen-treats-ranch-raised-lamb-56gr-para-perros.jpg
 Affinity Advance Puppy Snack - 1 x 7 packs de 150 gr,11.99 €/u,https://img1.petsonic.com/18854-large_default/affinity-advance-puppy-snack-para-perros.jpg
 Affinity Advance Dental Care Stick Mini - 28 Unidades,7.16 €/u,https://img1.petsonic.com/18855-large_default/affinity-advance-dental-care-stick-mini-para-perros.jpg
 Affinity Advance Dental Care Stick Medium - 28 Unidades,8.96 €/u,https://img1.petsonic.com/18858-large_default/affinity-advance-dental-care-stick-medium-para-perros.jpg
 Affinity Advance Hypoallergenic Snack - 1 x 7 packs de 150 gr,11.99 €/u,https://img3.petsonic.com/18860-large_default/affinity-advance-hypoallergenic-snack-para-perros.jpg
 Affinity Advance Appetite Control Snack - 1 x 7 packs de 150 gr,11.50 €/u,https://img3.petsonic.com/18862-large_default/affinity-advance-appetite-control-snack-para-perros.jpg
 Affinity Advance Articular Snack - 150 Gr.,2.69 €/u,https://img3.petsonic.com/18859-large_default/affinity-advance-articular-snack-para-perros.jpg
 Affinity Advance Articular Snack - 1 x 14 packs de 155 gr,20.99 €/u,https://img3.petsonic.com/18859-large_default/affinity-advance-articular-snack-para-perros.jpg
 Affinity Advance Sensitive Snack - 1 x 7 packs de 150 gr,14.99 €/u,https://img2.petsonic.com/18863-large_default/sensitive-snack.jpg
 Affinity Advance +7 Años Snack - 150 Gr.,2.69 €/u,https://img2.petsonic.com/18861-large_default/siete-anos-snack.jpg
 Affinity Advance +7 Años Snack - 1 x 7 packs de 150 gr,15.99 €/u,https://img2.petsonic.com/18861-large_default/siete-anos-snack.jpg
 Bayer Limpiador Dental Masticable para Perros - 140 gr,6.49 €/u,https://img2.petsonic.com/15895-large_default/bayer-limpiador-dental-masticable-para-perros.jpg
 Divasa Plaque off Croq para Perro - 60 Gr.,7.99 €/u,https://img1.petsonic.com/11673-large_default/divsa-plaque-off-croq-para-perro.jpg
 Divasa Plaque off Croq para Perro - 150 Gr.,8.39 €/u,https://img1.petsonic.com/11673-large_default/divsa-plaque-off-croq-para-perro.jpg
 Purina Pro Plan Snack Dentalife para Perro X-Small - 7 Unidades.,1.99 €/u,https://img3.petsonic.com/15574-large_default/snack-dentalife-para-perro-x-small.jpg
 Purina Pro Plan Snack Dentalife para Perro X-Small - 21 unidades,4.99 €/u,https://img3.petsonic.com/15574-large_default/snack-dentalife-para-perro-x-small.jpg
 Purina Pro Plan Snack Dentalife para Perros Mini - 7 Unidades.,1.69 €/u,https://img3.petsonic.com/11184-large_default/purina-pro-plan-snack-dentalife-mini-para-perros.jpg
 Purina Pro Plan Snack Dentalife para Perros Mini - 21 unidades,3.99 €/u,https://img3.petsonic.com/11184-large_default/purina-pro-plan-snack-dentalife-mini-para-perros.jpg
 Purina Pro Plan Snack Dentalife para Perros Medianos - 5 Unidades.,1.69 €/u,https://img3.petsonic.com/11186-large_default/purina-pro-plan-snack-dentalife-medianos-para-perros.jpg
 Purina Pro Plan Snack Dentalife para Perros Medianos - 15 Unidades.,3.99 €/u,https://img3.petsonic.com/11186-large_default/purina-pro-plan-snack-dentalife-medianos-para-perros.jpg
 Purina Pro Plan Snack Dentalife para Perros Grandes - 4 Unidades,1.89 €/u,https://img2.petsonic.com/11188-large_default/purina-pro-plan-snack-dentalife-grandes-para-perros.jpg
 Purina Pro Plan Snack Dentalife para Perros Grandes - 12 Unidades.,4.23 €/u,https://img2.petsonic.com/11188-large_default/purina-pro-plan-snack-dentalife-grandes-para-perros.jpg
 Pedigree Dentastix 5-10 Kg Sticks Dentales - 7 barritas,2.36 €/u,https://img2.petsonic.com/10752-large_default/pedigree-dentastix-5-10-kg-sticks-dentales-para-perros.jpg
 Pedigree Dentastix 5-10 Kg Sticks Dentales - Caja 28 barritas(7x4),8.62 €/u,https://img2.petsonic.com/10752-large_default/pedigree-dentastix-5-10-kg-sticks-dentales-para-perros.jpg
 Pedigree Dentastix 10-25Kg Sticks Dentales - 7 barritas,3.31 €/u,https://img1.petsonic.com/10753-large_default/pedigree-dentastix-10-25kg-sticks-dentales-para-perros.jpg
 Pedigree Dentastix 10-25Kg Sticks Dentales - Caja 28 barritas(7x4),12.02 €/u,https://img1.petsonic.com/10753-large_default/pedigree-dentastix-10-25kg-sticks-dentales-para-perros.jpg
 Pedigree Sticks Pedigree Dentastix +25 Kg - 7 Unidades.,4.03 €/u,https://img2.petsonic.com/8480-large_default/pedigree-dentastix-25-kg-para-perros.jpg
 Pedigree Sticks Pedigree Dentastix +25 Kg - Caja 28 barritas(7x4),14.22 €/u,https://img2.petsonic.com/8480-large_default/pedigree-dentastix-25-kg-para-perros.jpg
 greenies Petite - 10 Unidades (170 GR),6.24 €/u,https://img3.petsonic.com/18832-large_default/greenies-petite-para-perros.jpg
 greenies Teenie - 1 Unidad (8 GR),0.69 €/u,https://img2.petsonic.com/18835-large_default/greenies-teenie-para-perros.jpg
 greenies Teenie - 22 Unidades (170 GR),7.95 €/u,https://img2.petsonic.com/18835-large_default/greenies-teenie-para-perros.jpg
 greenies Teenie - 43 Unidades (340 GR),11.63 €/u,https://img2.petsonic.com/18835-large_default/greenies-teenie-para-perros.jpg
 greenies Teenie - 2x 43 Unidades (680 GR),22.56 €/u,https://img2.petsonic.com/18835-large_default/greenies-teenie-para-perros.jpg
 greenies Teenie - 2+1 Unidades de 170gr (oferta),23.85 €/u,https://img2.petsonic.com/18835-large_default/greenies-teenie-para-perros.jpg
 greenies Large - 4 Unidades (170 GR),7.99 €/u,https://img3.petsonic.com/14141-large_default/greenies-large-para-perros.jpg
 greenies Large - 2x 4 Unidades (340 GR),15.50 €/u,https://img3.petsonic.com/14141-large_default/greenies-large-para-perros.jpg
 greenies Regular - 6 Unidades (170 GR),6.30 €/u,https://img3.petsonic.com/18837-large_default/greenies-regular-para-perros.jpg
 greenies Regular - 12 Unidades (340 GR),11.63 €/u,https://img3.petsonic.com/18837-large_default/greenies-regular-para-perros.jpg
 greenies Regular - 2x 12 Unidades (680 GR),22.56 €/u,https://img3.petsonic.com/18837-large_default/greenies-regular-para-perros.jpg
 greenies Regular - 2+1 Unidades de 170gr (oferta),23.96 €/u,https://img3.petsonic.com/18837-large_default/greenies-regular-para-perros.jpg
