 Moments Snack Pavo para Perro - 60 Gr.,1.20 €/u,https://img3.petsonic.com/15758-large_default/snack-pavo-para-perro.jpg
 Moments Snack Queso para Perro - 60 Gr.,1.20 €/u,https://img1.petsonic.com/15759-large_default/snack-queso-para-perro.jpg
 Alpha Spirit Complementos Snacks de Ternera en Monodosis para Perro - Pack 16 x 35Grs,9.95 €/u,https://img2.petsonic.com/12023-large_default/alpha-spirit-snacks-ternera-monodosis-para-perros.jpg
 Alpha Spirit Complementos Snacks de Pollo en Monodosis para Perro - Pack 16 x 35Grs,9.95 €/u,https://img3.petsonic.com/12024-large_default/snacks-de-pollo-en-monodosis-para-perro.jpg
 Alpha Spirit Complementos Snacks de Queso en Monodosis para Perro - Pack 16 x 35Grs,9.95 €/u,https://img1.petsonic.com/12025-large_default/snacks-de-queso-en-monodosis-para-perro.jpg
 Alpha Spirit Complementos Snacks de Higado en Monodosis para Perro - Pack 16 x 35Grs,9.95 €/u,https://img3.petsonic.com/12026-large_default/snacks-de-higado-en-monodosis-para-perro.jpg
 Alpha Spirit Complementos Snacks de Pescado en Monodosis para Perro - Pack 16 x 35Grs,9.95 €/u,https://img1.petsonic.com/12027-large_default/snacks-de-pescado-en-monodosis-para-perro.jpg
 Alpha Spirit Complementos Snacks de Pato en Monodosis para Perro - Pack 16 x 35Grs,9.95 €/u,https://img2.petsonic.com/12028-large_default/snacks-de-pato-en-monodosis-para-perro.jpg
 Alpha Spirit Complementos Snacks de Cordero en Monodosis para Perro - Pack 16 x 35Grs,9.95 €/u,https://img1.petsonic.com/12029-large_default/snacks-de-cordero-en-monodosis-para-perro.jpg
 wuapu Huesos Piel Prensada para Perro - 2 x 8 cm,1.18 €/u,https://img1.petsonic.com/12999-large_default/huesos-piel-prensada-para-perro.jpg
 wuapu Huesos Piel Prensada para Perro - 14 cm,1.35 €/u,https://img1.petsonic.com/12999-large_default/huesos-piel-prensada-para-perro.jpg
 wuapu Huesos Piel Prensada para Perro - 21.5 cm,3.69 €/u,https://img1.petsonic.com/12999-large_default/huesos-piel-prensada-para-perro.jpg
 wuapu Huesos Piel Prensada para Perro - 27 cm,4.08 €/u,https://img1.petsonic.com/12999-large_default/huesos-piel-prensada-para-perro.jpg
 wuapu Huesos Piel Prensada para Perro - 32 cm,5.69 €/u,https://img1.petsonic.com/12999-large_default/huesos-piel-prensada-para-perro.jpg
